Workbook

Sheet Resumen
A1: 1000044 – LEGRAND BTICINO CHILE SPA
A2: Auditoría acuerdos comerciales Easy Chile HI – Año 2025
A4: 1. Identificación
A5: RUT 79602730-4 (coincide con la web; el PDF RT 2024 dice LTDA, mismo RUT). Sección 51.
A6: Retail: AC RT 2024 (válido 01/01/2024, último firmado). Mayorista: AC MY 2025 (válido 01/01/2025).
A8: 2. Acuerdos y condiciones aplicadas
A9: Retail: Publicidad 2,5% · Escala Fija 5% · Logística 2% (cl. 15: solo si pasa por CD) · Escala Crecimiento en MM (base 2.423; >2.700 0,75% … >3.100 4%) · B2B Sí.
A10: Mayorista: Escala Fija 3% · Logística 2% (sin compras al CD) · B2B Sí · Devoluciones no aplica.
A11: El Fijo 3% Mayorista Easy lo registra como "Publicidad" (acuerdo 234430); se netea en el grupo Pub + Fijo.
A13: 3. Cruce KSB1 vs web
A14: No hay KSB1 en el archivo: no se pudo cruzar.
A16: 4. DEBIDO / PAGADO / DIFERENCIA
A17: Condición | B17: Grupo neteo | C17: DEBIDO | D17: PAGADO | E17: DIFERENCIA
A18: Publicidad | B18: Pub + Centralizada + Fijo | C18: ='Base de cálculo'!P7 | D18: =Pagado!N5 | E18: =C18+D18
A19: Escala Fija | B19: Pub + Centralizada + Fijo | C19: ='Base de cálculo'!P11+'Base de cálculo'!P15 | D19: =Pagado!N6 | E19: =C19+D19
A20: Logistica | B20: Logistica | C20: ='Base de cálculo'!P19 | D20: =Pagado!N7 | E20: =C20+D20
A21: Otros | B21: Otros | C21: ='Base de cálculo'!P23 | D21: =Pagado!N8 | E21: =C21+D21
A22: Escala Crecimiento | B22: Escala Crecimiento | C22: ='Base de cálculo'!P27 | D22: =Pagado!N9 | E22: =C22+D22
A24: Neteo por grupo
A25: Grupo | C25: DEBIDO | D25: PAGADO | E25: DIFERENCIA
A26: Pub + Centralizada + Fijo | C26: =SUMIF($B$18:$B$22,$A26,C$18:C$22) | D26: =SUMIF($B$18:$B$22,$A26,D$18:D$22) | E26: =SUMIF($B$18:$B$22,$A26,E$18:E$22)
A27: Logistica | C27: =SUMIF($B$18:$B$22,$A27,C$18:C$22) | D27: =SUMIF($B$18:$B$22,$A27,D$18:D$22) | E27: =SUMIF($B$18:$B$22,$A27,E$18:E$22)
A28: Otros | C28: =SUMIF($B$18:$B$22,$A28,C$18:C$22) | D28: =SUMIF($B$18:$B$22,$A28,D$18:D$22) | E28: =SUMIF($B$18:$B$22,$A28,E$18:E$22)
A29: Escala Crecimiento | C29: =SUMIF($B$18:$B$22,$A29,C$18:C$22) | D29: =SUMIF($B$18:$B$22,$A29,D$18:D$22) | E29: =SUMIF($B$18:$B$22,$A29,E$18:E$22)
A31: 5. Conclusión
A32: CON RECLAMO (BORRADOR): neteo Pub + Fijo 827.800.
A33: Error puntual: doc. 6178844931 del 07/12/2025 debitó Escala Fija (−1.439.445) sin la Publicidad que la acompaña (relación 2:1). Faltan 719.723 de Publicidad.
A34: El resto (108.077) son diferencias de diciembre (entregas ene-26 de OC 2025).
A35: Escala Crecimiento: lo pagado (1.044.736, acuerdo 226474) es la escala 2024 liquidada en enero 2025.
A37: Puntos a validar
A38: RT no cambió de AC (rige AC 2024); el error del doc. 6178844931 es puntual de 2025.
A40: Observación para el ranking
A41: Analizado con reclamo – 827.800 – Doc. 6178844931 (07/12/25) debitó escala fija sin publicidad (−719.723). Se aplicó AC RT 2024 y AC MY 2025.

Sheet Base de cálculo
A1: 1000044 – LEGRAND BTICINO CHILE SPA – Base de cálculo 2025
A2: Compras = Importe Neto Entregado por Mes RealEM (entregas 2026 de OC 2025 en diciembre). DEBIDO = Base × %.
A4: Condición | B4: Componente | C4: % | D4: Ene | E4: Feb | F4: Mar | G4: Abr | H4: May | I4: Jun | J4: Jul | K4: Ago | L4: Sep | M4: Oct | N4: Nov | O4: Dic | P4: Total
A5: Publicidad | B5: Retail (Org 2001) – AC RT 2024 – base | D5: 94799020 | E5: 135605204 | F5: 141101517 | G5: 140727398 | H5: 178885757 | I5: 175030362 | J5: 188755320 | K5: 235242953 | L5: 175594138 | M5: 144575296 | N5: 264695086 | O5: 198043353 | P5: =SUM(D5:O5)
B6: Retail (Org 2001) – AC RT 2024 – % | C6: 0.025 | D6: 0.025 | E6: 0.025 | F6: 0.025 | G6: 0.025 | H6: 0.025 | I6: 0.025 | J6: 0.025 | K6: 0.025 | L6: 0.025 | M6: 0.025 | N6: 0.025 | O6: 0.025
A7: Publicidad | B7: Retail (Org 2001) – AC RT 2024 – DEBIDO | D7: =D5*D6 | E7: =E5*E6 | F7: =F5*F6 | G7: =G5*G6 | H7: =H5*H6 | I7: =I5*I6 | J7: =J5*J6 | K7: =K5*K6 | ... O7: =O5*O6 | P7: =SUM(D7:O7)
A9: Escala Fija | B9: Retail (Org 2001) – AC RT 2024 – base | D9: 94799020 | E9: 135605204 | F9: 141101517 | G9: 140727398 | H9: 178885757 | I9: 175030362 | J9: 188755320 | K9: 235242953 | L9: 175594138 | M9: 144575296 | N9: 264695086 | O9: 198043353 | P9: =SUM(D9:O9)
B10: Retail (Org 2001) – AC RT 2024 – % | C10: 0.05 | D10: 0.05 | E10: 0.05 | F10: 0.05 | G10: 0.05 | H10: 0.05 | I10: 0.05 | J10: 0.05 | K10: 0.05 | L10: 0.05 | M10: 0.05 | N10: 0.05 | O10: 0.05
A11: Escala Fija | B11: Retail (Org 2001) – AC RT 2024 – DEBIDO | D11: =D9*D10 | E11: =E9*E10 | F11: =F9*F10 | G11: =G9*G10 | H11: =H9*H10 | I11: =I9*I10 | J11: =J9*J10 | K11: =K9*K10 | ... O11: =O9*O10 | P11: =SUM(D11:O11)
A13: Escala Fija | B13: Mayorista (Org 2002) – AC MY 2025 – base | D13: 0 | E13: 0 | F13: 0 | G13: 1505863 | H13: 191760 | I13: 0 | J13: 558960 | K13: 0 | L13: 0 | M13: 0 | N13: 5316300 | O13: 229560 | P13: =SUM(D13:O13)
B14: Mayorista (Org 2002) – AC MY 2025 – % | C14: 0.03 | D14: 0.03 | E14: 0.03 | F14: 0.03 | G14: 0.03 | H14: 0.03 | I14: 0.03 | J14: 0.03 | K14: 0.03 | L14: 0.03 | M14: 0.03 | N14: 0.03 | O14: 0.03
A15: Escala Fija | B15: Mayorista (Org 2002) – AC MY 2025 – DEBIDO | D15: =D13*D14 | E15: =E13*E14 | F15: =F13*F14 | G15: =G13*G14 | H15: =H13*H14 | I15: =I13*I14 | J15: =J13*J14 | K15: =K13*K14 | ... O15: =O13*O14 | P15: =SUM(D15:O15)
A17: Logistica | B17: Compras CD (cl. 15: solo si pasa por CD) – base | D17: 94799020 | E17: 135605204 | F17: 141101517 | G17: 137773698 | H17: 178885757 | I17: 175030362 | J17: 188755320 | K17: 235242953 | L17: 172134934 | M17: 142482112 | N17: 264695086 | O17: 155973709 | P17: =SUM(D17:O17)
B18: Compras CD (cl. 15: solo si pasa por CD) – % | C18: 0.02 | D18: 0.02 | E18: 0.02 | F18: 0.02 | G18: 0.02 | H18: 0.02 | I18: 0.02 | J18: 0.02 | K18: 0.02 | L18: 0.02 | M18: 0.02 | N18: 0.02 | O18: 0.02
A19: Logistica | B19: Compras CD (cl. 15: solo si pasa por CD) – DEBIDO | D19: =D17*D18 | E19: =E17*E18 | F19: =F17*F18 | G19: =G17*G18 | H19: =H17*H18 | I19: =I17*I18 | J19: =J17*J18 | K19: =K17*K18 | ... O19: =O17*O18 | P19: =SUM(D19:O19)
A21: Otros | B21: B2B 0,15% – todas las compras – base | D21: 94799020 | E21: 135605204 | F21: 141101517 | G21: 142233261 | H21: 179077517 | I21: 175030362 | J21: 189314280 | K21: 235242953 | L21: 175594138 | M21: 144575296 | N21: 270011386 | O21: 198272913 | P21: =SUM(D21:O21)
B22: B2B 0,15% – todas las compras – % | C22: 0.0015 | D22: 0.0015 | E22: 0.0015 | F22: 0.0015 | G22: 0.0015 | H22: 0.0015 | I22: 0.0015 | J22: 0.0015 | K22: 0.0015 | L22: 0.0015 | M22: 0.0015 | N22: 0.0015 | O22: 0.0015
A23: Otros | B23: B2B 0,15% – todas las compras – DEBIDO | D23: =D21*D22 | E23: =E21*E22 | F23: =F21*F22 | G23: =G21*G22 | H23: =H21*H22 | I23: =I21*I22 | J23: =J21*J22 | K23: =K21*K22 | ... O23: =O21*O22 | P23: =SUM(D23:O23)
A25: Escala Crecimiento | B25: Pedido RT 2025 2.410 MM < 1er tramo 2.700 MM – base | D25: 94799020 | E25: 135605204 | F25: 141101517 | G25: 140727398 | H25: 178885757 | I25: 175030362 | J25: 188755320 | K25: 235242953 | L25: 175594138 | M25: 144575296 | N25: 264695086 | O25: 198043353 | P25: =SUM(D25:O25)
B26: Pedido RT 2025 2.410 MM < 1er tramo 2.700 MM – % | C26: 0 | D26: 0 | E26: 0 | F26: 0 | G26: 0 | H26: 0 | I26: 0 | J26: 0 | K26: 0 | L26: 0 | M26: 0 | N26: 0 | O26: 0
A27: Escala Crecimiento | B27: Pedido RT 2025 2.410 MM < 1er tramo 2.700 MM – DEBIDO | D27: =D25*D26 | E27: =E25*E26 | F27: =F25*F26 | G27: =G25*G26 | H27: =H25*H26 | I27: =I25*I26 | J27: =J25*J26 | K27: =K25*K26 | ... O27: =O25*O26 | P27: =SUM(D27:O27)

Sheet Pagado
A1: 1000044 – LEGRAND BTICINO CHILE SPA – PAGADO 2025
A2: VI_Debitos tipo Acuerdo con AñoLiq 2025, más aportes manuales / faltantes KSB1 cuando corresponde (ver detalle abajo).
A4: Condición | B4: Ene | C4: Feb | D4: Mar | E4: Abr | F4: May | G4: Jun | H4: Jul | I4: Ago | J4: Sep | K4: Oct | L4: Nov | M4: Dic | N4: Total
A5: Publicidad | B5: -2394379 | C5: -3390130 | D5: -3527538 | E5: -3563361 | F5: -4477897 | G5: -4375759 | H5: -4735652 | I5: -5881074 | J5: -4389853 | K5: -3614382 | L5: -6776867 | M5: -4238248 | N5: =SUM(B5:M5)
A6: Escala Fija | B6: -4739951 | C6: -6780260 | D6: -7055076 | E6: -7036370 | F6: -8944288 | G6: -8751518 | H6: -9437766 | I6: -11762148 | J6: -8779707 | K6: -7228765 | L6: -13234754 | M6: -9769686 | N6: =SUM(B6:M6)
A7: Logistica | B7: -1994877 | C7: -2706649 | D7: -2728589 | E7: -2755474 | F7: -3898551 | G7: -3327218 | H7: -4648132 | I7: -3820355 | J7: -3306731 | K7: -3155965 | L7: -5563357 | M7: -2543696 | N7: =SUM(B7:M7)
A8: Otros | B8: -142199 | C8: -203408 | D8: -211652 | E8: -213350 | F8: -268616 | G8: -262546 | H8: -283971 | I8: -352864 | J8: -263392 | K8: -216863 | L8: -405017 | M8: -290379 | N8: =SUM(B8:M8)
A9: Escala Crecimiento | B9: -1044736 | C9: 0 | D9: 0 | E9: 0 | F9: 0 | G9: 0 | H9: 0 | I9: 0 | J9: 0 | K9: 0 | L9: 0 | M9: 0 | N9: =SUM(B9:M9)
A12: Detalle de débitos considerados
A13: NroDoc | B13: FeContab | C13: Seccion | D13: DenomClaseCoste | E13: NroAcuerdo | F13: Descripción Débito | G13: Tipo de Débito | H13: Mes Liquidacion | I13: Año Liquidacion | J13: Referencia | K13: ValMonObj
A14: 5974734631 | B14: 45688 | C14: 51 | D14: Desc.Obt.p/Volu | E14: Acuerdo 0000226474 | F14: Escala Crecimiento | G14: Acuerdo | H14: 1 | I14: 2025 | J14: 34360411 | K14: -1044736
A15: 5962169271 | B15: 45669 | C15: 51 | D15: Bonificación Fi | E15: Acuerdo 0000233355 | F15: Escala Fija | G15: Acuerdo | H15: 1 | I15: 2025 | J15: 34012677 | K15: -694723
A16: 5966573324 | B16: 45676 | C16: 51 | D16: Bonificación Fi | E16: Acuerdo 0000233355 | F16: Escala Fija | G16: Acuerdo | H16: 1 | I16: 2025 | J16: 34355122 | K16: -1208628
A17: 5971087067 | B17: 45683 | C17: 51 | D17: Bonificación Fi | E17: Acuerdo 0000233355 | F17: Escala Fija | G17: Acuerdo | H17: 1 | I17: 2025 | J17: 34357102 | K17: -1220793
A18: 5974634546 | B18: 45688 | C18: 51 | D18: Bonificación Fi | E18: Acuerdo 0000233355 | F18: Escala Fija | G18: Acuerdo | H18: 1 | I18: 2025 | J18: 34360050 | K18: -1615807
A19: 5980454743 | B19: 45697 | C19: 51 | D19: Bonificación Fi | E19: Acuerdo 0000233355 | F19: Escala Fija | G19: Acuerdo | H19: 2 | I19: 2025 | J19: 34387497 | K19: -1095145
A20: 5984937004 | B20: 45704 | C20: 51 | D20: Bonificación Fi | E20: Acuerdo 0000233355 | F20: Escala Fija | G20: Acuerdo | H20: 2 | I20: 2025 | J20: 34389600 | K20: -1596825
A21: 5989418849 | B21: 45711 | C21: 51 | D21: Bonificación Fi | E21: Acuerdo 0000233355 | F21: Escala Fija | G21: Acuerdo | H21: 2 | I21: 2025 | J21: 34391467 | K21: -1496468
A22: 5992922900 | B22: 45716 | C22: 51 | D22: Bonificación Fi | E22: Acuerdo 0000233355 | F22: Escala Fija | G22: Acuerdo | H22: 2 | I22: 2025 | J22: 34593999 | K22: -2591822
A23: 5998461001 | B23: 45725 | C23: 51 | D23: Bonificaci?n Fi | E23: Acuerdo 0000233355 | F23: Escala Fija | G23: Acuerdo | H23: 3 | I23: 2025 | J23: 34596198 | K23: -1304091
A24: 6003206825 | B24: 45732 | C24: 51 | D24: Bonificaci?n Fi | E24: Acuerdo 0000233355 | F24: Escala Fija | G24: Acuerdo | H24: 3 | I24: 2025 | J24: 34598173 | K24: -1769020
A25: 6007597293 | B25: 45739 | C25: 51 | D25: Bonificaci?n Fi | E25: Acuerdo 0000233355 | F25: Escala Fija | G25: Acuerdo | H25: 3 | I25: 2025 | J25: 34601466 | K25: -2403095
... A206: 6202531250 | B206: 46033 | C206: 51 | D206: Descuentos Publ | E206: Acuerdo 0000233355 | F206: Publicidad | G206: Acuerdo | H206: 12 | I206: 2025 | J206: 37186289 | K206: -166633
A207: Total | K207: -199494016
